Participant ID;Age;Gender
1;56;M
2;46;F
3;32;F
4;25;F
5;38;M
6;56;F
7;36;M
8;40;M
9;28;F
10;28;F
11;41;M
12;53;M
13;57;F
14;41;F
15;20;F
16;39;M
17;19;M
18;41;M
19;47;M
20;55;M
21;19;M
22;38;F
23;50;M
24;29;M
25;39;M
26;42;F
27;44;M
28;59;M
29;45;F
30;33;M
31;32;M
32;20;M
33;54;M
34;24;M
35;38;F
36;26;F
37;56;F
38;35;M
39;21;M
40;42;M
41;31;F
42;26;M
43;43;M
44;19;F
45;37;M
46;45;F
47;24;F
48;25;F
49;52;M
50;31;M
51;34;M
52;53;M
53;57;M
54;21;M
55;19;M
56;23;F
57;59;M
58;21;F
59;46;M
60;35;M
61;43;M
62;51;F
63;27;F
64;53;F
65;31;F
66;48;M
67;32;F
68;25;M
69;31;M
70;40;F
71;57;F
72;38;F
73;33;F
74;35;F
75;41;F
76;43;F
77;42;F
78;58;M
79;46;F
80;32;F
81;18;M
82;42;F
83;24;M
84;26;M
85;41;F
86;18;M
87;25;M
88;41;M
89;28;M
90;34;F
91;25;M
92;52;F
93;52;M
94;50;M
95;22;M
96;59;M
97;56;F
98;58;F
99;45;M
100;24;M
